ticker,shares
A,281928854.0
AAPL,14594180000.0
ABBV,1767117285.0
ABNB,589585682.0
ABT,1730383296.0
ACGL,341229126.0
ACN,611942109.0
ADBE,397500000.0
ADI,484565465.0
ADM,481956527.0
ADP,397262737.0
ADSK,209000000.0
AEE,276843251.0
AEP,544397352.0
AES,713157713.0
AFL,501343298.0
AIG,522893169.0
AIZ,49323767.0
AJG,256341000.0
AKAM,143716609.0
ALB,118005057.0
ALGN,71039852.0
ALL,252857950.0
ALLE,85036786.0
AMAT,793597443.0
AMCR,462345690.0
AMD,1632475042.0
AME,229261244.0
AMGN,540632005.0
AMP,88333219.0
AMT,465960048.0
AMZN,10786313572.0
ANET,1261224648.0
AON,212125434.0
AOS,135908573.0
APA,350351510.0
APD,222685530.0
APH,2465966914.0
APO,590543159.0
APP,335939521.0
APTV,207633331.0
ARE,172095277.0
ARES,225518332.0
ATO,168988553.0
AVGO,4757580198.0
AVY,75788142.0
AWK,198728989.0
AXON,81237415.0
AXP,675309833.0
AZO,16325355.0
BA,790370020.0
BAC,6992748365.0
BALL,264703357.0
BAX,516995999.0
BBY,210767126.0
BDX,272386800.0
BEN,508076910.0
BF-B,458864265.0
BG,192119123.0
BIIB,147753998.0
BKNG,774878436.0
BKR,992674071.0
BLDR,107596457.0
BLK,154869259.0
BMY,2042714656.0
BNY,678504142.0
BR,115658297.0
BRK-B,2140709794.0
BRO,334610357.0
BSX,1449229526.0
BX,750625114.0
BXP,159661556.0
C,1677436783.0
CAH,232575728.0
CARR,830580423.0
CASY,37004914.0
CAT,459674889.0
CB,385799859.0
CBOE,104431019.0
CBRE,289575298.0
CCI,425455439.0
CCL,1369649119.0
CDNS,275393000.0
CDW,125017426.0
CEG,354307379.0
CF,151338130.0
CFG,421176788.0
CHD,237203907.0
CHRW,116851258.0
CHTR,119277493.0
CI,264240486.0
CIEN,141552922.0
CINF,153478045.0
CL,797172829.0
CLX,120931005.0
CMCSA,3548636573.0
CME,359579263.0
CMG,1265418000.0
CMI,137664487.0
CMS,308919602.0
CNC,493995000.0
CNP,658720288.0
COF,613500000.0
COHR,195832246.0
COIN,263836923.0
COO,195030630.0
COP,1218294007.0
COR,190827165.0
COST,443478804.0
CPAY,65659599.0
CPRT,963308388.0
CPT,115732578.0
CRH,665284511.0
CRL,47738872.0
CRM,823000000.0
CRWD,1023934842.0
CSCO,3941434665.0
CSGP,405197588.0
CSX,1852474917.0
CTAS,400169561.0
CTSH,473000000.0
CTVA,667196000.0
CVNA,719916415.0
CVS,1278970369.0
CVX,1961603274.0
D,879525949.0
DAL,657623030.0
DASH,433297937.0
DD,135042975.0
DDOG,359075024.0
DE,269625412.0
DECK,136181857.0
DELL,646142428.0
DG,220616790.0
DGX,110373360.0
DHI,279701267.0
DHR,702986054.0
DIS,1726686902.0
DLR,370998727.0
DLTR,187630299.0
DOC,689527260.0
DOV,134680225.0
DOW,722340711.0
DPZ,33081735.0
DRI,113541756.0
DTE,208088069.0
DUK,779702193.0
DVA,63800000.0
DVN,1100000000.0
DXCM,377360765.0
EBAY,445000000.0
ECHO,290490708.0
ECL,280328603.0
ED,369828633.0
EFX,117484896.0
EG,38342734.0
EIX,384813979.0
EL,361794915.0
ELV,216869290.0
EME,44109901.0
EMR,557800000.0
EOG,532628530.0
EQIX,98671686.0
EQT,625516000.0
ERIE,52289868.0
ES,376674754.0
ESS,64261739.0
ETN,388300000.0
ETR,466631498.0
EVRG,230567172.0
EW,575800000.0
EXC,1030253967.0
EXE,239228849.0
EXPD,129990622.0
EXPE,120022077.0
EXR,211269558.0
F,3987595667.0
FANG,280019792.0
FAST,1147497573.0
FCX,1436017523.0
FDS,35565543.0
FDX,236670435.0
FDXF,149518133.0
FE,578431175.0
FERG,193452717.0
FFIV,56627182.0
FICO,21597635.0
FIS,515705917.0
FISV,531766721.0
FITB,906573000.0
FIX,35194329.0
FLEX,369402978.0
FOX,420437476.0
FOXA,420437476.0
FRT,86389197.0
FSLR,107469788.0
FTNT,733713653.0
FTV,304861021.0
GD,270557195.0
GDDY,126647704.0
GE,1037562513.0
GEHC,451686252.0
GEN,598587032.0
GEV,266333581.0
GILD,1239955155.0
GIS,534629472.0
GL,77644761.0
GLW,859637825.0
GM,904451541.0
GNRC,59005639.0
GOOG,12229934831.0
GOOGL,12229934831.0
GPC,137859758.0
GPN,264618390.0
GRMN,192852536.0
GS,291171408.0
GWW,47213119.0
HAL,833130367.0
HAS,141044467.0
HBAN,2020414826.0
HCA,216501500.0
HD,997689626.0
HIG,270872002.0
HII,39404598.0
HLT,225064910.0
HON,316940010.0
HONA,316952725.0
HOOD,899082273.0
HPE,1324203521.0
HPQ,901790969.0
HRL,550350800.0
HSIC,113916757.0
HST,685124399.0
HSY,200925657.0
HUBB,52832571.0
HUM,120080308.0
HWM,398801399.0
IBKR,453078171.0
IBM,942134390.0
ICE,561394487.0
IDXX,78781116.0
IEX,73719896.0
IFF,255303473.0
INCY,202697746.0
INTC,5286105262.0
INTU,273537000.0
INVH,594041956.0
IP,529569895.0
IQV,164600000.0
IR,387999429.0
IRM,297702812.0
ISRG,358278038.0
IT,63148976.0
ITW,284800000.0
IVZ,441499780.0
J,118080879.0
JBHT,93900000.0
JBL,104787089.0
JCI,605741470.0
JKHY,70112608.0
JNJ,2409898597.0
JPM,2658186195.0
KDP,1360826038.0
KEY,1067128554.0
KEYS,170300000.0
KHC,1185823758.0
KIM,670789373.0
KKR,897635601.0
KLAC,1306546783.0
KMB,332579038.0
KMI,2226802089.0
KO,4302549243.0
KR,612647282.0
KVUE,1920773467.0
L,204427720.0
LDOS,125785466.0
LEN,240895142.0
LH,81100000.0
LHX,186214616.0
LII,34560675.0
LIN,460980163.0
LITE,89700000.0
LLY,891741406.0
LMT,230790753.0
LNT,259284699.0
LOW,561054019.0
LRCX,1251321000.0
LULU,113553918.0
LUV,489208201.0
LVS,647701184.0
LYB,323037952.0
LYV,232959505.0
MA,876009940.0
MAA,116021957.0
MAR,260766288.0
MAS,197187430.0
MCD,707641531.0
MCHP,543008691.0
MCK,116590363.0
MCO,173180984.0
MDLZ,1283649766.0
MDT,1279980861.0
MET,635476927.0
META,2547506225.0
MGM,255851235.0
MKC,268851552.0
MLM,71019382.0
MMM,515722417.0
MNST,1959051764.0
MO,1669743926.0
MOS,317895646.0
MPC,291936635.0
MPWR,49143000.0
MRK,2467171638.0
MRNA,399235889.0
MRSH,477211268.0
MRVL,898704613.0
MS,1570566292.0
MSCI,72700000.0
MSFT,7425545491.0
MSI,165493788.0
MTB,144933000.0
MTD,20036559.0
MU,1129393151.0
NCLH,459187846.0
NDAQ,558977372.0
NDSN,55717948.0
NEE,2085605358.0
NEM,1053692271.0
NFLX,4163939676.0
NI,479560100.0
NKE,1480887033.0
NOC,142063026.0
NOW,1033862000.0
NRG,210210483.0
NSC,224608373.0
NTAP,195919927.0
NTRS,182955653.0
NUE,226875676.0
NVDA,24147000000.0
NVR,2664860.0
NWS,536857251.0
NWSA,536857251.0
NXPI,252164174.0
O,946218033.0
ODFL,207356622.0
OKE,630032852.0
OMC,285006196.0
ON,389318613.0
ORCL,2880471000.0
ORLY,808960792.0
OTIS,380669339.0
OXY,999637371.0
PANW,815000000.0
PAYX,355682860.0
PCAR,526364953.0
PCG,2202366906.0
PEG,498321402.0
PEP,1364891558.0
PFE,5699673589.0
PFG,214104641.0
PG,2324433060.0
PGR,581100000.0
PH,126047469.0
PHM,190486353.0
PKG,89098299.0
PLD,950333372.0
PLTR,2403058480.0
PM,1558613439.0
PNC,399000000.0
PNR,161605541.0
PNW,121197234.0
PODD,69354199.0
PPG,222300000.0
PPL,752544841.0
PRU,345000000.0
PSA,186745748.0
PSKY,1119173058.0
PSX,399020916.0
PTC,108506261.0
PWR,150343393.0
PYPL,855460874.0
Q,209208543.0
QCOM,1068060487.0
RCL,267452084.0
RDDT,192396510.0
REG,183120547.0
REGN,102954988.0
RF,851929506.0
RJF,192361711.0
RL,59582239.0
RMD,144252306.0
ROK,111048676.0
ROL,481145404.0
ROP,98900874.0
ROST,319453110.0
RSG,306212978.0
RTX,1347758144.0
RVTY,111586401.0
SBAC,106088110.0
SBUX,1140000000.0
SCHW,1729335714.0
SHW,242758151.0
SJM,106823183.0
SLB,1484143231.0
SMCI,646873027.0
SNA,51727124.0
SNDK,146419001.0
SNPS,191636646.0
SO,1150362966.0
SOLV,170223729.0
SPG,323559515.0
SPGI,294800000.0
SRE,653900348.0
STE,97500110.0
STLD,143328088.0
STT,274701765.0
STX,227000000.0
STZ,170778434.0
SW,524522908.0
SWK,151016641.0
SWKS,150472782.0
SYF,325370840.0
SYK,383573046.0
SYY,479096016.0
T,6852385650.0
TAP,186453933.0
TDG,55276525.0
TDY,46355673.0
TECH,156818238.0
TEL,289940672.0
TER,156340750.0
TFC,1221626188.0
TGT,454291461.0
TJX,1104704446.0
TKO,73111098.0
TMO,369747286.0
TMUS,1072671613.0
TPL,68974683.0
TPR,199391678.0
TRGP,214431021.0
TRMB,233111519.0
TROW,213315850.0
TRV,208575022.0
TSCO,521040137.0
TSLA,3949547394.0
TSN,351801512.0
TT,220023177.0
TTD,469880194.0
TTWO,186980443.0
TXN,913247686.0
TXT,171986917.0
TYL,40952274.0
UAL,324569728.0
UBER,2042560121.0
UDR,321264222.0
UHS,58936515.0
ULTA,42757471.0
UNH,897594847.0
UNP,594075498.0
UPS,850781582.0
URI,62242489.0
USB,1558051446.0
V,1867047259.0
VEEV,161908850.0
VICI,1101077562.0
VLO,287927461.0
VLTO,243793344.0
VMC,129578739.0
VMRK,773779120.0
VRSK,130156012.0
VRSN,90400000.0
VRT,384988173.0
VRTX,253460924.0
VST,335635195.0
VTR,512946359.0
VTRS,1148590864.0
VZ,4154775202.0
WAB,168910851.0
WAT,98185855.0
WBD,2507136702.0
WDAY,241000000.0
WDC,360540944.0
WEC,325849383.0
WELL,720572011.0
WFC,3023999336.0
WM,399715184.0
WMB,1223167472.0
WMT,7933746241.0
WRB,371227529.0
WSM,117768000.0
WST,70375762.0
WTW,92871937.0
WY,720736000.0
WYNN,102973891.0
XEL,624634306.0
XOM,4111911960.0
XYL,233486812.0
XYZ,600795000.0
YUM,272901085.0
ZBH,190737689.0
ZBRA,47633392.0
ZTS,413223602.0
